{"purchase":{"purchaseBillNumber":371,"greyPurchasedQuantity":4163,"totalPurchasePayment":185322,"totalPurchaseGST":9091.1,"purchaseDalali":0,"purchaseTransport":3500},"sales":[{"sellBillNumber":301,"greySoldQuantity":1582,"sellPayment":74354,"sellGST":3717.7000000000003,"dalali":1115.31},{"sellBillNumber":302,"greySoldQuantity":1567,"sellPayment":73649,"sellGST":3682.4500000000003,"dalali":1104.7350000000001},{"sellBillNumber":303,"greySoldQuantity":1092,"sellPayment":51324,"sellGST":2566.2000000000003,"dalali":769.86}]}